LeaderboardId,mapper
16e9791,altrewin
12bd251,cerret
d4a571,ETAN
ba4071,Rogdude
1821871,Timbo
1aafc71,A Jhintleman
1e07d71,"Complex, Jabob, & Slimy"
1a56891,Teuflum & muffn
19be191,Fatalution
1ad6671,abcbadq & Timbo
f92291,Rusty
12b2751,Denyah_ & Rusty
b72471,Teuflum
18f5d91,SlimyBlob & Bloo
1697371,miitchel & Alice
1685891,nolan121405
12bd271,cerret
128ea71,That_Narwhal
1232e71,Timbo
b4ff91,CoolingCloset
16d2291,Schwank
1ae1251,Helloiamdaan & cerret
1a52371,Atomosophere & Rune
1ace531,ComplexFrequency
1d3f171,Coolpick & Alpal
197ba91,fraies & Narwhal
d00c91,Reaxt
1ff8e91,Sensei WU
19b2771,"Cobayo, Vilawes & Slimy"
1bfaa71,Checkthepan
1a1e591,Jabob vs. Narwhal
1a52b91,ThySpoon
1d70971,That_Narwhal
1e07d51,"Complex, Jabob, & Slimy"
11cf897,The Good Boi
1a7a391,Kitoyo
1a56871,Teuflum & muffn
1e19991,Timbo
ca4091,Edmard
d77191,simplymarvellous
1791451,Emilia
194b491,Timbo
1fc8591,TJ & dibl & TzurS11
1e8fe91,Pink
1c3e171,miitchel
849a91,Skyler Wallace
194b471,Timbo
1a2cd51,ComplexFrequency
206b251,Teuflum
15f7491,Emilia
1c20891,Elecast
f12471,That_Narwhal
f12491,That_Narwhal
1b4f971,nolan121405
18fdf91,April Fools
13d0191,RocKz
19b9791,"Jabob, Daan, & lobster"
142f451,Fnyt
1362d51,nyri0
182bc91,Joshabi
1dc9451,cerret & Nolanimations
4a2a11,squeaksies
d77131,simplymarvellous
1911b11,Sync
1bf7671,Shark & ThySpoon
1d3f191,Coolpick & Alpal
1925991,That_Narwhal
1ac5691,That_Narwhal
1a39591,nolan121405 vs. Narwhal
1ac0c51,Timbo
17dc491,Fatalution
18f6291,cerret
1a80e71,Cobayo
1a93891,Shan_Man
198db71,ComplexFrequency & Checkthepan
1bb8d71,Jabob
1a01671,Timbo
1ac0c71,Timbo
1c4af91,Teuflum
1677a91,BrightKnight
19cf191,Various Mappers
1b26a91,Timbo
1770791,muffn
1adc091,FatBeanzoop & muffn
19bfe91,That_Narwhal
1ab2f91,Jevk
10f6b91,Hoppaw
1b7fb91,namaki_mono
1a58791,Cobayo
1aae291,yabje
1687f91,Shan_Man
1a77891,Jevk
1956671,ThySpoon & Fvrwvrd
16e9771,altrewin
1a32a91,Alice
1bb8d51,Jabob
12fa271,Schwank vs. Narwhal
847b51,xScaramouche
1ffb671,Fatalution
1a7f971,ThySpoon
11c7771,Jabob
1bf9671,RichardLH
16bb151,cerret
d4b891,Ramen Noodle
1b7d691,EmotionalFlight
10a9371,Astrella
1305151,"shrado, Scrappy, & altrewin"
138ba51,"Cerret, Complex & Daan"
1305171,"shrado, Scrappy, & altrewin"
1fb9471,Cobayo & ThySpoon
1949e71,Timbo
1ae8791,Elecast
1b15591,Khenab
1743471,Timbo
1acf571,Helloiamdaan & Joshabi
17f3891,PogU
11d7a91,Jaack & Oddloop
1410791,Skeelie
130c071,Helloiamdaan
1fb3a71,harbgy & Aquaflee
1a86291,Shappy
1ac0c91,Timbo
1949e91,Timbo
138ba91,"Cerret, Complex & Daan"
138ba71,"Cerret, Complex & Daan"
138ba31,"Cerret, Complex & Daan"
aa7311,Pyrowarfare
1c5fd91,Nolanimations
18f4e71,"Jabob, Narwhal & Schwank"
1b13d91,Jabob
12ccf91,muffn
1cce671,Nolanimations
13b1771,Schwank vs. Narwhal
167ef71,abcbadq
1a1e571,Jabob vs. Narwhal
1d3f151,Coolpick & Alpal
15b6e71,Joshabi & altrewin
16b3371,Uninstaller
169ad91,Jaack & Olaf
12a6b71,"muffn, FatBeanzoop, DE125"
197ba71,fraies & Narwhal
19b9771,"Jabob, Daan, & lobster"
e68d91,simplymarvellous
948a91,simplymarvellous
1492f71,Duh Hello
17dd091,Emilia
1cd5971,Shan_Man & Nolanimations
1079371,Uninstaller
16afb71,Foxy vs. Narwhal
1770751,muffn
bd1d91,muffn & SpiritusNoctis
75f191,Depito & ExUnReal
1b7bf51,fraies
1ac0f91,TOFU
2035971,That_Narwhal
1672e31,Halcyon12 & JohnnyDee
14ae491,Pug
1ad2b91,BSWC Team
1d0ed91,Fvrwvrd & FatBeanzoop
1013a31,Refugee Camp
15d3c91,MaNaB & Emir
16c5671,That_Narwhal
1583691,Depito & ExUnReal
196b991,Paper_Core
1a59371,Schwank & Jabob
1ffb691,Fatalution
1ccb991,nolan121405
1a57d91,abcbadq
2326b91,Nolanimations & Sync
1a7f991,ThySpoon
1cab791,SlimyBlob & Shad
1313f91,xScaramouche
12dc391,CoolingCloset
15b6e91,Joshabi & altrewin
18aba71,abcbadq & Joshabi
1c4a831,"FatBeanzoop, Umu & Nolanimations"
1c6f091,Bitz & HypersonicSharkz
2323691,A Jhintleman
1a53d91,riasuh
181a291,"Dexty, Atomo, & Jabob"
9deb91,Depito & ExUnReal
1c28d11,cladiotto
1a8d491,Skeelie
4adb91,redmagi
1886491,shrado & Fvrwvrd
1ace571,ComplexFrequency
1e0b511,FatBeanzoop & VeryMerryChicken
997851,Souk & fraies
1d74291,Joetastic
1697391,miitchel & Alice
467a71,carrot090
b72491,Teuflum
f3e291,FatBeanzoop
1a58491,Shark
1a2cd71,ComplexFrequency
12df491,Depito
1b01b91,"Nolanimations, Timbo"
f58371,Refugee Camp
1944891,ThySpoon
214b791,Nolanimations
1547b91,Shan_Man
16ac191,CoolingCloset & Nolanimations
1fc8571,TJ & dibl & TzurS11
1bf7691,Shark & ThySpoon
1cb6871,Sp234
32d491,redmagi
14af891,Jabob
1860591,Joshabi
dd5e91,ItsVasili
1aee891,shrado & nolan121405
1a9d591,Elecast
1685491,JohnnyDee & xScaramouche
1a55e71,Emilia
1dc9491,cerret & Nolanimations
1ac4791,Jabob
1c54591,Mystikmol
1dc9471,cerret & Nolanimations
1a93871,Shan_Man
19ef071,Joshabi
1958091,Cobayo
12b6211,Timbo
11c7491,Kizuflux & Uninstaller
1a6a091,cerret
1b49e31,Emir
1a9e871,Jaack & Joshabi
1667f91,scoop
1c5fd71,Nolanimations
1aa5591,Joshabi
18f4e51,"Jabob, Narwhal & Schwank"
1aaf171,Lobster
11c7791,Jabob
86af71,xScaramouche
1a2f791,zilianthegreat & SlimyBlob
90e671,Astrella
ca6291,abcbadq
12b5371,SieR
57c271,RinkuSenpai
def071,Ramen Noodle
1237751,ETAN
18e9e91,Timbo
1cc0f71,Qwasyx
1ffad91,Fatalution
1245e91,CyanSnow
1f28491,Skeelie
1eb8271,RocKz vs. Shappy
1699171,Fvrwvrd
25f91,rickput
16a5e91,cerret & Nolanimations
16a5e71,cerret & Nolanimations
d7c991,Mystikmol
12bdc91,muffn
3cf571,Dack
a80411,jafdy
1924591,HypersonicSharkz
dc9271,Bush
1ac0f71,TOFU
b3cf91,VRMasked
1956b91,Nolanimations
1cd5991,Shan_Man & Nolanimations
cbcf91,Khenab
129bf91,waika
109e891,SlimyBlob & Pixelguy
188ba91,muffn & altrewin
1c54571,Mystikmol
1b91551,Laur Fanclub
19c6691,Alice
ba4091,Rogdude
12bd291,cerret
1699191,Fvrwvrd
1386591,Checkthepan
1021791,Jabob
303691,hexagonial
1e07d91,"Complex, Jabob, & Slimy"
dda491,Kival Evan
e2ba91,That_Narwhal
1c3e191,miitchel
1099091,Skeelie
1bf9691,RichardLH
1ad3b91,Joshabi & Olaf
1bc8391,cerret
1370d91,FatBeanzoop
1fda991,nolan121405
181a251,"Dexty, Atomo, & Jabob"
1743491,Timbo
12f3391,Timbo
1a4f591,Foxy Boi
1acb391,Timbo
1303c71,shrado & Scrappy
f2f191,CyanSnow & Pixelguy
d4b831,Ramen Noodle
1a68591,ThySpoon & ThyYeet
eb2811,Hoppaw
e72b71,FatBeanzoop
169b151,Helloiamdaan & FatBeanzoop
19ef091,Joshabi
801791,Light Ai & DE125
16a2f71,Helloiamdaan
1b1ba51,Joshabi
16e0a71,dibl & TJ
12ae191,Refugee Camp
1dbe591,Jabob
13e0d91,Jabob
12b6291,Timbo
18aba91,abcbadq & Joshabi
1d70991,That_Narwhal
1791471,Emilia
1bfaa91,Checkthepan
1b1ba71,Joshabi
10a3471,Olaf
19bdd51,nolan121405
12f3351,Timbo
1bb8d91,Jabob
12cac91,Refugee Camp
1d5d491,Nolanimations
19cc171,TheWildDash & Emilia
1c6f071,Bitz & HypersonicSharkz
184df71,nolan121405
1373591,"Sombra, Fnyt & Slamsyk"
165ed91,nolan121405
15aba91,Emilia
1e6e191,Nolanimations
1af8971,GianniKoch
1a32291,nolan121405
1b01b71,"Nolanimations, Timbo"
1c68091,spectre158
1418291,Kival Evan
12f3371,Timbo
15ac091,Jabob & lobster
1ad3b71,Joshabi & Olaf
1552c91,Jaack
1956691,ThySpoon & Fvrwvrd
28c591,hexagonial
b78591,cerret
1aacd31,harbgy & Edmard
1df7a71,Olaf & Joshabi
cca891,Mystikmol
1a46691,Jabob
1293a91,nolan121405
1b98491,"GalaxyMaster, Mr. Mrow & 3Stans"
c61b91,That_Narwhal
9e5c91,DE125
11b4991,FatBeanzoop & ExUnReal
1a80e91,Cobayo
bd6a91,That_Narwhal
e8c871,That_Narwhal
1fccd71,Sp234
b60491,ItsVasili
f59b91,Mystikmol & endcredits
17ca691,shrado & abcbadq
18a9271,That_Narwhal
1897d71,Checkthepan
1cc1491,Ethanatorza7 & Irish
1716491,CyanSnow
1ace551,ComplexFrequency
144bc91,Teuflum
188ed71,Jabob & Helloiamdaan
1b91531,Laur Fanclub
1c4a891,"FatBeanzoop, Umu & Nolanimations"
1b1ba91,Joshabi
138da91,CyanSnow
1c4e091,nolan121405 & Fatalution
1895871,Timbo & eZconfirmed
126bd51,Timbo
1a3e171,Helloiamdaan & miitchel
cfd591,Khenab
1239e91,Halcyon12
1b49e71,Emir
16abf91,Nolanimations
1a5e471,Vilawes
1e9991,JonathanRune
1a68571,ThySpoon & ThyYeet
1f9d271,FatBeanzoop & Fvrwvrd
123b991,Emir
10cf171,Checkthepan
12b6251,Timbo
138f291,Rusty & Nolanimations
1a8d471,Skeelie
caba91,Halcyon12
1689491,Zelazowa
1a37b91,Bytrius
14d6491,Remie & Lone
1216291,ItsVasili
1adc071,FatBeanzoop & muffn
1703f91,Helloiamdaan & Nolanimations
7e8f11,Whiisper
e97091,VRMasked & Dr_Marc
12abd71,FatBeanzoop
ff0291,Various Mappers
78a851,fraies & Souk
12af091,Checkthepan & Teuflum
1897d91,Checkthepan
1ac4771,Jabob
1cba891,Foxy Boi & Narwhal
1915691,eZconfirmed & Complex
1877491,shrado & Schwank
1542191,Mystikmol & Pug
16bb171,cerret
1c4c391,Elecast
12fae71,shrado
15aab71,Cobayo & IsraGRFK
13ae291,Nolanimations & Rusty
18d3e71,Uninstaller
1887091,Fvrwvrd
1905971,harbgy & Narwhal
fc4c91,Hoppaw
19cf171,Various Mappers
1a67e71,foxy boi
1cd5951,Shan_Man & Nolanimations
1eb8291,RocKz vs. Shappy
1e13d91,JRE_McNuggies
1cba871,Foxy Boi & Narwhal
13b1791,Schwank vs. Narwhal
1dc9591,cerret
1df7a91,Olaf & Joshabi
1a46a91,harbgy
1a55e91,Emilia
fb8b91,Khenab
13fe871,Timbo
1306971,+1 Rabbit
1a59391,Schwank & Jabob
127ec51,ComplexFrequency
1acce11,RFCaps & FatBeanzoop
1694f91,That_Narwhal
1188e51,nitronik.exe
210e391,Mawntee & Fatalution
1fa2151,Jabob
1a2f651,SlimyBlob
19ef031,Joshabi
1aacd71,harbgy & Edmard
1cce691,Nolanimations
1b76291,TheWildDash & Sloth
f58391,Refugee Camp
d77171,simplymarvellous
17a7091,Emilia
c32d91,Rogdude
1fb9c71,Jabob
1b6fc91,Gordon Feetman & Shark
246d991,AntiLink
1a9e891,Jaack & Joshabi
1949e11,Timbo
c2f131,VRMasked & Dr_Marc
da6091,Reaxt
11b4971,FatBeanzoop & ExUnReal
1b68191,Fatalution
15b6e51,Joshabi & altrewin
195a691,ItsVasili & Olaf
f53271,CoolingCloset & Nolanimations
87aa91,Light Ai & ExUnReal
1ba4351,Joshabi
1ac0f11,TOFU
182f891,TheWildDash
1a45971,That_Narwhal
1aa9471,Alice
c32d71,Rogdude
13fe891,Timbo
13fe191,"Checkthepan, ItsVasili, Timeweaver"
117ac91,Jabob
1693771,Oddloop
1381091,cerret
1615591,epicmoo34 & TheWildDash
1821891,Timbo
198f391,nyri0
142f471,Fnyt
b51471,KyleT
194f091,ComplexFrequency
a20371,abcbadq & Tootie
1a02771,Emilia
1402931,altrewin
1ace891,cerret & muffn
1a57d71,abcbadq
1988c91,Kival Evan & xScaramouche
873f91,Teuflum
1895891,Timbo & eZconfirmed
1ed3791,Rusty
1860571,Joshabi
123de31,Olaf & RFCaps
d90a91,SlimyBlob & Victonator
1694e91,hwatwhy & meldi
1a67e91,foxy boi
17b8891,Checkthepan
17b191,Krydar
132e991,That_Narwhal
1027a91,abcbadq
1bb6791,Neviinz
a06671,muffn & altrewin
1a60591,Emilia
1c4af71,Teuflum
1337791,That_Narwhal
1c775x91,Huh
15bd251,"KingLeviathon, SimplyMarvellous"
1044e91,Mystikmol
17e5571,Jabob
1821851,Timbo
12cab91,Joshabi
995e71,Vilawes
19b9f91,Nolanimations
1a01651,Timbo
d4f551,EpicTroller & EpicRoller
18a9291,That_Narwhal
1a2cd91,ComplexFrequency
1a46671,Jabob
1f07491,"Jabob, Narwhal, & Bullet"
1381491,"ItsVasili, Bloo"
1689a71,xScaramouche & nolan121405
1f9f6x91,Fnyt
24dd971,Sync
17e3691,nitronik.exe
c5a791,Joshabi
124d271,muffn & SimplyMarvellous
124d291,muffn & SimplyMarvellous
1875271,Emilia
13b2b51,lobster & FatBeanzoop
1a02791,Emilia
1a2f691,SlimyBlob
1ed01x91,Olaf & RFCaps
19b6f91,simplymarvellous
1820a91,Fvrwvrd
1090871,Checkthepan
1be9291,nolan121405
1d9b371,Joshabi
181a271,"Dexty, Atomo, & Jabob"
1a46651,Jabob
1a55d31,RFCaps
1fa2191,Jabob
1ac0e71,TOFU
1fb3a91,harbgy & Aquaflee
1c86c71,Vilawes & Emilia
16d0791,ThySpoon
103fb91,Timbo
16bb191,cerret
1a50471,ComplexFrequency & Fvrwvrd
19fca91,Fvrwvrd
f53291,CoolingCloset & Nolanimations
1963291,Night Xrose & TheWildDash
1de9891,Joshabi
11bde91,"Skeelie, ETAN, AaltopahWi"
12d9671,SlimyBlob
b81371,Ramen Noodle
138da51,CyanSnow
168de91,"MonsterWook, FatBeanzoop & Fnyt"
1989b91,nolan121405
1fb9c91,Jabob
16c5391,A Jhintleman
1b7bf71,fraies
1a2ff91,nolan121405
160f371,Dack
d6a611,pkdan
1f94c71,ThySpoon
29bf91,psyc0pathic
192c971,"Rusty, miitchel, Nolan & yabje"
11e3d91,Kitoyo
1985491,nolan121405
1ace591,ComplexFrequency
1e02291,Alice
1985451,nolan121405
1a0b991,Nixie.Korten
1cd7791,cerret
1cab771,SlimyBlob & Shad
12ad951,xScaramouche & Scrappy
194b411,Timbo
1442791,muffn & altrewin
a59851,pkdan
22717x91,fqrb
2505791,cerret
1cc0f91,Qwasyx
12b6271,Timbo
142f491,Fnyt
24d75x71,Rashed
12abd91,FatBeanzoop
17a7071,Emilia
108c671,Vilawes & altrewin
1689a91,xScaramouche & nolan121405
ba0991,That_Narwhal
c24b91,xScaramouche & JohnnyDee
1687f71,Shan_Man
1fc0891,Timbo
158ce51,abcbadq & altrewin
1b49e91,Emir
f0cc91,scoop__
1a4f571,Foxy Boi
1743451,Timbo
1f07471,"Jabob, Narwhal, & Bullet"
1329251,ComplexFrequency & miitchel
c2f191,VRMasked & Dr_Marc
1608e91,Mario101
b47391,Pug
7e7691,Pug
1fb9c51,Jabob
18d1d91,Olaf
1306991,+1 Rabbit
1c30e71,Helloiamdaan & Nolanimations
13de671,Narwhal and Complex
1337771,That_Narwhal
1ac1a91,Timbo
847b11,xScaramouche
847b31,xScaramouche
186e591,Nolanimations
102e271,Kitoyo & Emilia
23661x91,LittleMaiden
194d891,Cobayo
1b51191,fqrb & yabje
1944871,ThySpoon
206b271,Teuflum
1949e51,Timbo
16c5691,That_Narwhal
b81391,Ramen Noodle
1040591,Skeelie & AaltopahWi
188ed91,Jabob & Helloiamdaan
21e1091,ThySpoon
1bb8691,Elecast
162e491,cat_using_a_toaster
d41111,ETAN
a97b91,Teuflum & Halcyon12
1a46a71,harbgy
722f11,Venclaire
847b91,xScaramouche
bd6a71,That_Narwhal
107ab71,xShappyMouche
1bf5371,Tseska
103fb71,Timbo
18f4e91,"Jabob, Narwhal & Schwank"
1af2fx91,nolan121405 & dibl
201e471,Emilia & nolan121405
126bd71,Timbo
280091,hexagonial
1944831,ThySpoon
16abf51,Nolanimations
f53251,CoolingCloset & Nolanimations
1d05051,Bitz
1e95f51,Tranch
1a3e191,Helloiamdaan & miitchel
132d651,Ramen Noodle
992191,Burchase
242dc91,EOP Glacier
1902e91,Kival Evan
1d25f91,Ethanatorza7
1ab8d91,cerret
7bcb91,simplymarvellous & TheRealZeroz
1ae0391,Nolanimations
1966a71,abcbadq
192c991,"Rusty, miitchel, Nolan & yabje"
1e0d591,Fatalution
1ad2b71,BSWC Team
1a55291,CoolingCloset
18d3e91,Uninstaller
1695b71,Mystikmol & Moriik
1b8d391,cerret & ComplexFrequency
15cb391,Emilia
1a56831,Teuflum & muffn
23a2c91,cerret & Nolanimations
c64391,Skeelie
1373551,"Sombra, Fnyt & Slamsyk"
127ec71,ComplexFrequency
1b8ad91,HypersonicSharkz & S1MMZE
fdd391,Redmagi
196b971,Paper_Core
1acce91,RFCaps & FatBeanzoop
caa891,Pixelguy & Teuflum
1da27x91,Elecast
202d271,Timbo & abcbadq
1820a71,Fvrwvrd
1c56891,Shark
1aee7x91,ThySpoon
1fc8c71,Timbo
242dc71,EOP Glacier
1685811,nolan121405
17e5591,Jabob
1668391,miitchel & Mystikmol
1aacd91,harbgy & Edmard
847b71,xScaramouche
14b3491,abcbadq & altrewin
d0f691,Uninstaller
120a891,CoolingCloset
1bfe511,Rusty
1edb171,DE125
12dfd91,Rusty
195a591,ItsVasili
1a01291,shrado
1c6af51,Night Xrose
151,datkami
e91571,fraies & muffn
2148491,Alice
2553291,Darkrealm7
16a3591,Edmard
101a091,Light Ai & xtpn
19b2791,"Cobayo, Vilawes & Slimy"
15fd791,ComplexFrequency
19b1171,yabje & Shark
1703f71,Helloiamdaan & Nolanimations
176e391,cerret
8d8991,CyanSnow
1b7bf91,fraies
1eb8231,RocKz vs. Shappy
1a01691,Timbo
1719571,ETAN
b15b11,jafdy
7f3f91,Teuflum
1e94171,abcbadq
1266691,carrot
c67291,Qwasyx
de7c91,Rusty
1a32271,nolan121405
20cae91,Spinvertigoo
19b1191,yabje & Shark
1b54f71,Otricity & Anammelech
1cb5591,BrightKnight
f91e91,Teuflum
102e291,Kitoyo & Emilia
1f31b91,ani
1037771,ETAN
135ae51,Bytrius
1ed01x71,Olaf & RFCaps
1b54f51,Otricity & Anammelech
1d42e71,Joshabi
1b91571,Laur Fanclub
1d25f71,Ethanatorza7
1a2f771,zilianthegreat & SlimyBlob
19cf391,Timbo
214af31,Timbo
188ed51,Jabob & Helloiamdaan
10a9351,Astrella
2567171,"ptotpa, Astrella, & miitchel"
1375791,Kuurama
1d2ea91,Shark & Elecast
1765f11,SSnowy
206b291,Teuflum
1b67791,Fatalution
1784271,Tootie & Oddloop & fraies
1b68071,Huh
e8c891,That_Narwhal
184dd51,Emir
1cdc691,cerret
19b6f71,simplymarvellous
1e6e131,Nolanimations
25a5691,Bitz
f12411,That_Narwhal
1acba51,pkdan
22253x91,Various Mappers
14c5191,Emilia
13b2051,MeezoNugget
241c6x71,Nolanimations
251e1x91,Fatalution & AkaBaka
241c6x91,Nolanimations
1b54f91,Otricity & Anammelech
a06391,+1 Rabbit
2035991,That_Narwhal
1385271,FatBeanzoop
18f4991,Bitz & Luackci
2538591,Nolanimations
1fd0791,Olaf & SlimyBlob
1672411,Teuflum
1d2ea71,Shark & Elecast
24263x91,nolan121405
119f091,Kuurama & miitchel & ExUnReal
25368x71,ThySpoon
25368x91,ThySpoon
1e4ea71,Sp234
1bf5391,Tseska
1c4a871,"FatBeanzoop, Umu & Nolanimations"
1a56811,Teuflum & muffn
1ffbf91,AntiLink
19bdd31,nolan121405
1fc8c91,Timbo
168de71,"MonsterWook, FatBeanzoop & Fnyt"
1428391,abcbadq
192c951,"Rusty, miitchel, Nolan & yabje"
d61571,Scrappy
fdd351,Redmagi
fb8a91,xScaramouche & Scrappy
1c775x71,Huh
e82991,MaNaB
1095f91,Kival Evan
1a55271,CoolingCloset
25ce1x91,Joetastic & nitronik.exe
1ac0e51,TOFU
1b599xxx51,"Irish, Bitz, Gordon, & HypersonicSharkz"
1fa2171,Jabob
1ac0f51,TOFU
1784291,Tootie & Oddloop & fraies
eb2891,Hoppaw
80da71,ETAN
12ab331,Uninstaller
148e291,I Cant Jump Well
1bf9631,RichardLH
202d291,Timbo & abcbadq
1845951,ETAN
1bb5f31,Joshabi
2380691,Ge2toro
200dcxx91,Vilawes & Risi
215bdxx91,Alice
1dc3fxxxx71,Foxy vs. Narwhal
22c70xxx71,kizuflux & Pixelguy
1d3bc51,Tranch
1cb5571,BrightKnight
266b391,Ge2toro
22c70xxx91,kizuflux & Pixelguy
20d7671,"Bitz, HypersonicSharkz & Luck"
20d7651,"Bitz, HypersonicSharkz & Luck"
267fc91,Timeweaver
20d7691,"Bitz, HypersonicSharkz & Luck"
1e94191,abcbadq
2698d91,chikinbiskit
1a68531,ThySpoon & ThyYeet
1f273xxxx91,epicmoo34 & Narwhal
1d3f5x91,nolan121405
1edf091,"Exeiron, Rora"
1edb191,DE125
1ee2991,Tomerisnice
200dcxx71,Vilawes & Risi
201e491,Emilia & nolan121405
1fc8c51,Timbo
1fda971,nolan121405
26cb791,Alice & SmokeyBacon
201e451,Emilia & nolan121405
1ea1exxxx71,Aquaflee
d4a511,ETAN
20d4771,Namoori
2120f51,SSnowy
20a9691,Marsh
2185bxxxx91,Timbo
ba0971,That_Narwhal
23ca2xx91,Olaf
2185bxxxx71,Timbo
1fc8dxxxx71,Timbo
1fc8dxxxx91,Timbo
1ea1exxxx91,Aquaflee
2769391,Romen
276a691,WalkingKat
271cbx91,Aureliona
1c1cf31,Nuggetz
200aaxxxx91,Joshabi & Shad
c61b11,That_Narwhal
1d0cbx71,Fnyt
2193cxx91,BigSlick
23596xxx11,"Bitz, Cokeinjector, Luck & Sync"
1ea8cxxxxx91,"yabje, Irish & fqrb"
20ec9xxxxx51,Rusty & Bitz
1f9f6x71,Fnyt
20ad7x71,Anammelech
20ec9xxxxx71,Rusty & Bitz
21f45xxx91,Rusty vs. Narwhal
1fa3bxx91,TheWildDash & ThySpoon
1d0cbx91,Fnyt
21f45xxx71,Rusty vs. Narwhal
1a209xxxxxx71,abcbadq & Alice
1feabxxx71,abcbadq
23f7bxx31,Aquaflee
1d0cbx51,Fnyt
1ea8cxxxxx51,"yabje, Irish & fqrb"
1f1ffxx91,Various Mappers
226e7xx71,Touqai
2193cxx71,BigSlick
226e7xx51,Touqai
20ec9xxxxx91,Rusty & Bitz
1feabxxx91,abcbadq
18057x91,Cat Using A Toaster
23596xxx51,"Bitz, Cokeinjector, Luck & Sync"
23f7bxx71,Aquaflee
226e7xx91,Touqai
244ebxxxxx91,shrado & cerret
23f7bxx11,Aquaflee
23f7bxx51,Aquaflee
21705xxxxx71,Fnyt & Helloiamdaan
23596xxx71,"Bitz, Cokeinjector, Luck & Sync"
1a209xxxxxx91,abcbadq & Alice
22971x71,Spicy Baguette
1d9bcxx91,AntiLink & TG90
22513xx91,Joshabi
2777cx91,Gabriel & take_nyan
1ea8cxxxxx71,"yabje, Irish & fqrb"
277b791,WalkingKat
1fa3bxx71,TheWildDash & ThySpoon
20920xxxx91,Shark & Irish
23596xxx31,"Bitz, Cokeinjector, Luck & Sync"
27d6c91,HypersonicSharkz & Luck
23f7bxx91,Aquaflee
20ad7x91,Anammelech
1c73axxx71,Foxy & Joshabi
23782xxx71,Jabob & Joshabi
ae6731,Pixelguy
1f273xxxx71,epicmoo34 & Narwhal
1ff94xxxxx91,Purp1e
2805291,RFColaf
21d5bx91,Timbo
1ff94xxxxx51,Purp1e
1ff94xxxxx31,Purp1e
1ff94xxxxx71,Purp1e
1f334xxx91,ThySpoon
2576dxxxxx51,Bitz & Luck
21e94xx71,Gabriel
2576dxxxxx71,Bitz & Luck
1eaffxx91,JRE_McNuggies
21e94xx91,Gabriel
23596xxx91,"Bitz, Cokeinjector, Luck & Sync"
2576dxxxxx91,Bitz & Luck
2824091,Bytrius
2851391,General Dumbass
220f2xxx91,A Jhintleman & GojiCrafter
288df91,Chromia & OlbmaPhlee
283b5x91,FatBeanzoop
2897691,Ge2toro
2713cx91,Rashed
28b5a91,BigSlick
243e5xx91,shrado & Fnyt
1f6b1xxxxxxxx51,"Helloiamdaan, cerret & Olaf"
24465xxxxx31,Jabob
20db5xxxx51,Vilawes
24465xxxxx51,Jabob
24465xxxxx71,Jabob
20e93xxx71,SlimyBlob & Bitz
22ccfxxxxx91,Elecast
242e4xxx91,SlimyBlob
243e5xx71,shrado & Fnyt
25367x91,ThySpoon
20e93xxx91,SlimyBlob & Bitz
20d0bx31,CoolingCloset & Helloiamdaan & Nolanimations
25367x71,ThySpoon
20d0bx71,CoolingCloset & Helloiamdaan & Nolanimations
23cacxxxxx91,Cobayo
23cacxxxxx71,Cobayo
20d0bx11,CoolingCloset & Helloiamdaan & Nolanimations
20db5xxxx31,Vilawes
23cacxxxxx51,Cobayo
25367x51,ThySpoon
2926b51,WalkingKat
20e4fxx71,Aquaflee
1ca11xxx91,CoolingCloset & Aquaflee
1ca11xxx71,CoolingCloset & Aquaflee
20d0bx51,CoolingCloset & Helloiamdaan & Nolanimations
1aaeex51,slamsyk
1aaeex31,slamsyk
1aaeex11,slamsyk
246c9xxxx91,TG90
2965a91,cerret
2965971,Faded 99
293bfxx91,JRE_McNuggies
1aaeex91,slamsyk
1aaeex71,slamsyk
24e64x91,RetrX vs. FentonVR
297f191,Davaayy
29742x91,Ph√∏enix
25e40xxxx91,yabje
299d891,nasafrasa
1fdfaxx51,Aimedhades16 & Lobster
25e40xxxx71,yabje
29d2fx91,Shark & Swifter
29e1a71,Rashed
29b0cxx71,"nolan121405, Olaf, Bitz & Qwasyx"
27e38x91,Timeweaver
255fbxx91,"riasuh, RaccoonVR & Artjoms"
234c9xxx71,That_Narwhal
2a01e91,Emir
25e40xxxx51,yabje
29b0cxx91,"nolan121405, Olaf, Bitz & Qwasyx"
2a10091,susang
1fdfaxx71,Aimedhades16 & Lobster
270e0xxx91,"yabje, Rashed & Tea Drinker"
24907xx91,Checkthepan
262a5xx91,muffn & Nolanimations
1e6ffx71,"Swifter, Mawntee, Reddek"
2a25bx91,Anammelech
202d9xxx91,RocKz & yabje
202d9xxx51,RocKz & yabje
2ab5b91,Emir
27140x91,DaftMaple
1fd41x91,Bytrius
22845xxxxxxxxxxxxx51,"shrado, Fvrwvrd, Timbo & Bitz"
2ad5491,CookedChili
265ddxxxx71,"Jabob, Bitz & Spinny"
2ae8291,Bytrius
202d9xxx71,RocKz & yabje
24d85xxxxxxx91,Denyah_ & Astrophel
2636fxx71,muffn & Nolanimations
2b2b611,Swifter
2b5ee72,AaltopahWi
2b69ax51,Taddus
2b6fb91,SlimyBlob
20fdbxxxxxxx91,Spoekle & fqrb
28348x91,BigSlick
26c74xx71,Fnyt
26c74xx91,Fnyt
27be6xxx71,Spoekle & yabje
27be6xxx51,Spoekle & yabje
26d33xx91,Alice
27be6xxx91,Spoekle & yabje
27102xx91,Elecast
26af7xxx91,Voidless & Goob
265ddxxxx91,"Jabob, Bitz & Spinny"
2561dxxxxx91,"Irish, Rusty & fqrb"
28a4cxxx91,Rusty & Joshabi
29715xxx91,fqrb & yabje
26f2cxx91,"Cobayo, Nolanimations & Atomosophere"
28b2dxxxxxx91,Elecast
2761bxxx91,fqrb & yabje
25771xxx91,RFColaf
2c0d891,okazu x mikuri
244a3xx71,Vilawes & Timbo
2c25a91,AllPoland
27264xxxx91,Rusty
2c23851,Astrella & Timbo
2c2f491,SuperMemer417 & TheGoodBoi
2c2acx91,Taddus & Oegoe
2473cxx51,Purp1e
2473cxx71,Purp1e
2a2efxx71,"Timbo, abcbadq, Narwhal"
2c67391,namaki_mono & gmiz92
28f81xxx91,tocxx
2c9d791,Taddus
285f5x91,Dailyy
1f806xxxxxx51,AlphaComplex
1f806xxxxxx31,AlphaComplex
23b63xxxxxxx91,muffn
23b63xxxxxxx71,muffn
2ddb0x91,nolan121405 & SlimyBlob
2e0d091,Cube Community Team
23cfcxxx91,Joshabi
1fb19xxxxx91,Irish
24754xx91,Coolpick & Nolanimations
2e4bfx91,cerret
28523xxxxxx91,Jabob
28541xxxxxx91,Joshabi & Bitz
1fd62xxx51,ani
2fa0471,JRE_McNuggies & symphonic
2fbdb91,General Dumbass
